[{"pos_x": 181.1375, "pos_y": -84.05, "rotation": 0.0, "side": "top", "designator": "U303", "mpn": null, "pack": "SOT-23-5", "value": "RT9080_SOT23-5", "mount_type": "smt", "place": true}, {"pos_x": 165.6, "pos_y": -140.5625, "rotation": 90.0, "side": "top", "designator": "R202", "mpn": null, "pack": "C_1206_3216Metric_Pad1.33x1.80mm_HandSolder", "value": "330R", "mount_type": "smt", "place": true}, {"pos_x": 186.3, "pos_y": -134.0, "rotation": -90.0, "side": "top", "designator": "C207", "mpn": null, "pack": "C_1206_3216Metric_Pad1.33x1.80mm_HandSolder", "value": "1uF", "mount_type": "smt", "place": true}, {"pos_x": 191.3, "pos_y": -88.9, "rotation": 0.0, "side": "top", "designator": "TP301", "mpn": null, "pack": "TestPoint_Pad_D2.0mm", "value": "5Volt", "mount_type": "tht", "place": true}, {"pos_x": 195.0125, "pos_y": -101.0, "rotation": 0.0, "side": "top", "designator": "D302", "mpn": null, "pack": "LED_1206_3216Metric_Pad1.42x1.75mm_HandSolder", "value": "3v3 BLU", "mount_type": "smt", "place": true}, {"pos_x": 161.2, "pos_y": -140.5, "rotation": -90.0, "side": "top", "designator": "D201", "mpn": null, "pack": "LED_1206_3216Metric_Pad1.42x1.75mm_HandSolder", "value": "SIGN GRN", "mount_type": "smt", "place": true}, {"pos_x": 175.1, "pos_y": -133.8625, "rotation": 90.0, "side": "top", "designator": "C206", "mpn": null, "pack": "C_1206_3216Metric_Pad1.33x1.80mm_HandSolder", "value": "1uF", "mount_type": "smt", "place": true}, {"pos_x": 184.45, "pos_y": -99.95, "rotation": 180.0, "side": "top", "designator": "U304", "mpn": null, "pack": "DIP-8_W7.62mm", "value": "6N137", "mount_type": "tht", "place": true}, {"pos_x": 178.5625, "pos_y": -69.5, "rotation": 0.0, "side": "top", "designator": "C303", "mpn": null, "pack": "C_1206_3216Metric_Pad1.33x1.80mm_HandSolder", "value": "100nF (6)", "mount_type": "smt", "place": true}, {"pos_x": 191.2, "pos_y": -137.8, "rotation": -90.0, "side": "top", "designator": "R206", "mpn": null, "pack": "C_1206_3216Metric_Pad1.33x1.80mm_HandSolder", "value": "10k", "mount_type": "smt", "place": true}, {"pos_x": 177.4, "pos_y": -128.7, "rotation": 0.0, "side": "top", "designator": "TP202", "mpn": null, "pack": "TestPoint_Pad_D2.0mm", "value": "3v3", "mount_type": "tht", "place": true}, {"pos_x": 170.0, "pos_y": -134.1, "rotation": 180.0, "side": "top", "designator": "J205", "mpn": null, "pack": "PinHeader_1x02_P2.54mm_Vertical", "value": "Select BAUD", "mount_type": "tht", "place": true}, {"pos_x": 179.8375, "pos_y": -144.4, "rotation": 180.0, "side": "top", "designator": "R204", "mpn": null, "pack": "C_1206_3216Metric_Pad1.33x1.80mm_HandSolder", "value": "10k", "mount_type": "smt", "place": true}, {"pos_x": 152.6, "pos_y": -133.12, "rotation": 0.0, "side": "top", "designator": "J203", "mpn": null, "pack": "PinHeader_1x03_P2.54mm_Vertical", "value": "UPDI", "mount_type": "tht", "place": true}, {"pos_x": 186.5375, "pos_y": -144.5, "rotation": 180.0, "side": "top", "designator": "Q201", "mpn": null, "pack": "SOT-23", "value": "BC848", "mount_type": "smt", "place": true}, {"pos_x": 198.15, "pos_y": -120.1, "rotation": 180.0, "side": "top", "designator": "R201", "mpn": null, "pack": "R_1206_3216Metric_Pad1.30x1.75mm_HandSolder", "value": "10k", "mount_type": "smt", "place": true}, {"pos_x": 151.5, "pos_y": -58.0, "rotation": 0.0, "side": "top", "designator": "H1", "mpn": null, "pack": "MountingHole_2.7mm_M2.5", "value": "MountingHole", "mount_type": "tht", "place": true}, {"pos_x": 207.5, "pos_y": -107.8, "rotation": 0.0, "side": "top", "designator": "H202", "mpn": null, "pack": "MountingHole_2.7mm_M2.5", "value": "MountingHole", "mount_type": "tht", "place": true}, {"pos_x": 193.82, "pos_y": -66.62, "rotation": 90.0, "side": "top", "designator": "SW302", "mpn": null, "pack": "SW_DIP_SPSTx04_Slide_9.78x12.34mm_W7.62mm_P2.54mm", "value": "SW_DIP_x04", "mount_type": "tht", "place": true}, {"pos_x": 169.6, "pos_y": -118.175, "rotation": 180.0, "side": "top", "designator": "U202", "mpn": null, "pack": "SSOP-28_5.3x10.2mm_P0.65mm", "value": "AVR128DB28", "mount_type": "smt", "place": true}, {"pos_x": 172.0, "pos_y": -93.45, "rotation": 90.0, "side": "top", "designator": "C308", "mpn": null, "pack": "C_1206_3216Metric_Pad1.33x1.80mm_HandSolder", "value": "100nF", "mount_type": "smt", "place": true}, {"pos_x": 161.5, "pos_y": -91.0125, "rotation": -90.0, "side": "top", "designator": "D301", "mpn": null, "pack": "LED_1206_3216Metric_Pad1.42x1.75mm_HandSolder", "value": "SIGN GRN", "mount_type": "smt", "place": true}, {"pos_x": 199.525, "pos_y": -124.9, "rotation": 0.0, "side": "top", "designator": "SW201", "mpn": null, "pack": "SW_Tactile_SPST_NO_Straight_CK_PTS636Sx25SMTRLFS", "value": "RESET", "mount_type": "smt", "place": true}, {"pos_x": 191.2, "pos_y": -143.8, "rotation": 90.0, "side": "top", "designator": "R205", "mpn": null, "pack": "C_1206_3216Metric_Pad1.33x1.80mm_HandSolder", "value": "1k", "mount_type": "smt", "place": true}, {"pos_x": 178.5625, "pos_y": -64.0, "rotation": 0.0, "side": "top", "designator": "C302", "mpn": null, "pack": "C_1206_3216Metric_Pad1.33x1.80mm_HandSolder", "value": "100nF (14)", "mount_type": "smt", "place": true}, {"pos_x": 205.5, "pos_y": -70.0, "rotation": 180.0, "side": "top", "designator": "C307", "mpn": null, "pack": "C_1206_3216Metric_Pad1.33x1.80mm_HandSolder", "value": "1uF", "mount_type": "smt", "place": true}, {"pos_x": 165.5, "pos_y": -90.9375, "rotation": 90.0, "side": "top", "designator": "R304", "mpn": null, "pack": "C_1206_3216Metric_Pad1.33x1.80mm_HandSolder", "value": "330R", "mount_type": "smt", "place": true}, {"pos_x": 207.5, "pos_y": -58.0, "rotation": 0.0, "side": "top", "designator": "H2", "mpn": null, "pack": "MountingHole_2.7mm_M2.5", "value": "MountingHole", "mount_type": "tht", "place": true}, {"pos_x": 151.5, "pos_y": -101.0, "rotation": 0.0, "side": "top", "designator": "H4", "mpn": null, "pack": "MountingHole_2.7mm_M2.5", "value": "MountingHole", "mount_type": "tht", "place": true}, {"pos_x": 151.5, "pos_y": -108.0, "rotation": 0.0, "side": "top", "designator": "H201", "mpn": null, "pack": "MountingHole_2.7mm_M2.5", "value": "MountingHole", "mount_type": "tht", "place": true}, {"pos_x": 188.04, "pos_y": -124.4, "rotation": 180.0, "side": "top", "designator": "U201", "mpn": null, "pack": "nRF24L01_PA-LNA", "value": "NRF24L01_Breakout", "mount_type": "tht", "place": true}, {"pos_x": 178.7625, "pos_y": -119.2, "rotation": 0.0, "side": "top", "designator": "C204", "mpn": null, "pack": "C_1206_3216Metric_Pad1.33x1.80mm_HandSolder", "value": "100nF (6)", "mount_type": "smt", "place": true}, {"pos_x": 186.7375, "pos_y": -150.6, "rotation": 180.0, "side": "top", "designator": "C205", "mpn": null, "pack": "C_1206_3216Metric_Pad1.33x1.80mm_HandSolder", "value": "10uF", "mount_type": "smt", "place": true}, {"pos_x": 186.8625, "pos_y": -127.8, "rotation": 0.0, "side": "top", "designator": "C201", "mpn": null, "pack": "C_1206_3216Metric_Pad1.33x1.80mm_HandSolder", "value": "10uF", "mount_type": "smt", "place": true}, {"pos_x": 160.42, "pos_y": -99.5, "rotation": 90.0, "side": "top", "designator": "J304", "mpn": null, "pack": "PinHeader_1x03_P2.54mm_Vertical", "value": "UART0", "mount_type": "tht", "place": true}, {"pos_x": 160.5, "pos_y": -68.0, "rotation": 180.0, "side": "top", "designator": "C301", "mpn": null, "pack": "C_1206_3216Metric_Pad1.33x1.80mm_HandSolder", "value": "100nF (20)", "mount_type": "smt", "place": true}, {"pos_x": 197.55, "pos_y": -70.0, "rotation": 180.0, "side": "top", "designator": "R303", "mpn": null, "pack": "R_1206_3216Metric_Pad1.30x1.75mm_HandSolder", "value": "10k", "mount_type": "smt", "place": true}, {"pos_x": 205.5375, "pos_y": -120.1, "rotation": 180.0, "side": "top", "designator": "C208", "mpn": null, "pack": "C_1206_3216Metric_Pad1.33x1.80mm_HandSolder", "value": "1uF", "mount_type": "smt", "place": true}, {"pos_x": 199.375, "pos_y": -75.0, "rotation": 0.0, "side": "top", "designator": "SW301", "mpn": null, "pack": "SW_Tactile_SPST_NO_Straight_CK_PTS636Sx25SMTRLFS", "value": "RESET", "mount_type": "smt", "place": true}, {"pos_x": 169.77, "pos_y": -68.765, "rotation": 180.0, "side": "top", "designator": "U301", "mpn": null, "pack": "SSOP-28_5.3x10.2mm_P0.65mm", "value": "AVR128DB28", "mount_type": "smt", "place": true}, {"pos_x": 195.3225, "pos_y": -151.18, "rotation": 0.0, "side": "top", "designator": "D202", "mpn": null, "pack": "LED_1206_3216Metric_Pad1.42x1.75mm_HandSolder", "value": "3v3 BLU", "mount_type": "smt", "place": true}, {"pos_x": 191.2, "pos_y": -81.6, "rotation": 0.0, "side": "top", "designator": "TP302", "mpn": null, "pack": "TestPoint_Pad_D2.0mm", "value": "3v3", "mount_type": "tht", "place": true}, {"pos_x": 187.0, "pos_y": -83.9375, "rotation": -90.0, "side": "top", "designator": "C304", "mpn": null, "pack": "C_1206_3216Metric_Pad1.33x1.80mm_HandSolder", "value": "1uF", "mount_type": "smt", "place": true}, {"pos_x": 207.6, "pos_y": -151.2, "rotation": 0.0, "side": "top", "designator": "H203", "mpn": null, "pack": "MountingHole_2.7mm_M2.5", "value": "MountingHole", "mount_type": "tht", "place": true}, {"pos_x": 160.62, "pos_y": -149.6, "rotation": 90.0, "side": "top", "designator": "J202", "mpn": null, "pack": "PinHeader_1x03_P2.54mm_Vertical", "value": "UART0", "mount_type": "tht", "place": true}, {"pos_x": 177.2, "pos_y": -139.8, "rotation": 0.0, "side": "top", "designator": "TP201", "mpn": null, "pack": "TestPoint_Pad_D2.0mm", "value": "5volt", "mount_type": "tht", "place": true}, {"pos_x": 161.0, "pos_y": -83.5, "rotation": -90.0, "side": "top", "designator": "J303", "mpn": null, "pack": "PinHeader_1x02_P2.54mm_Vertical", "value": "EN-UPDI-PWR", "mount_type": "tht", "place": true}, {"pos_x": 193.88, "pos_y": -116.82, "rotation": 90.0, "side": "top", "designator": "SW202", "mpn": null, "pack": "SW_DIP_SPSTx04_Slide_9.78x12.34mm_W7.62mm_P2.54mm", "value": "SW_DIP_x04", "mount_type": "tht", "place": true}, {"pos_x": 180.1625, "pos_y": -133.9125, "rotation": 0.0, "side": "top", "designator": "U203", "mpn": null, "pack": "SOT-23-5", "value": "RT9080", "mount_type": "smt", "place": true}, {"pos_x": 176.0, "pos_y": -84.0, "rotation": 90.0, "side": "top", "designator": "C306", "mpn": null, "pack": "C_1206_3216Metric_Pad1.33x1.80mm_HandSolder", "value": "1uF", "mount_type": "smt", "place": true}, {"pos_x": 170.1, "pos_y": -84.54, "rotation": 180.0, "side": "top", "designator": "J305", "mpn": null, "pack": "PinHeader_1x02_P2.54mm_Vertical", "value": "Select BAUD", "mount_type": "tht", "place": true}, {"pos_x": 160.5, "pos_y": -71.0, "rotation": 180.0, "side": "top", "designator": "C309", "mpn": null, "pack": "C_1206_3216Metric_Pad1.33x1.80mm_HandSolder", "value": "10uF", "mount_type": "smt", "place": true}, {"pos_x": 196.23, "pos_y": -142.37, "rotation": 90.0, "side": "top", "designator": "J204", "mpn": null, "pack": "RJ12_Amphenol_54601", "value": "RJ12", "mount_type": "tht", "place": true}, {"pos_x": 200.9375, "pos_y": -101.0, "rotation": 0.0, "side": "top", "designator": "R305", "mpn": null, "pack": "C_1206_3216Metric_Pad1.33x1.80mm_HandSolder", "value": "120R", "mount_type": "smt", "place": true}, {"pos_x": 187.5, "pos_y": -88.9, "rotation": 0.0, "side": "top", "designator": "TP303", "mpn": null, "pack": "TestPoint_Pad_D2.0mm", "value": "TXsm", "mount_type": "tht", "place": true}, {"pos_x": 186.9375, "pos_y": -78.0, "rotation": 0.0, "side": "top", "designator": "C305", "mpn": null, "pack": "C_1206_3216Metric_Pad1.33x1.80mm_HandSolder", "value": "10uF", "mount_type": "smt", "place": true}, {"pos_x": 201.2575, "pos_y": -151.19, "rotation": 0.0, "side": "top", "designator": "R203", "mpn": null, "pack": "C_1206_3216Metric_Pad1.33x1.80mm_HandSolder", "value": "120R", "mount_type": "smt", "place": true}, {"pos_x": 188.04, "pos_y": -74.5, "rotation": 180.0, "side": "top", "designator": "U302", "mpn": null, "pack": "nRF24L01_PA-LNA", "value": "NRF24L01_Breakout", "mount_type": "tht", "place": true}, {"pos_x": 172.0, "pos_y": -99.5, "rotation": -90.0, "side": "top", "designator": "R301", "mpn": null, "pack": "R_1206_3216Metric_Pad1.30x1.75mm_HandSolder", "value": "120R", "mount_type": "smt", "place": true}, {"pos_x": 161.24, "pos_y": -133.1, "rotation": -90.0, "side": "top", "designator": "J201", "mpn": null, "pack": "PinHeader_1x02_P2.54mm_Vertical", "value": "EN-UPDI-PWR", "mount_type": "tht", "place": true}, {"pos_x": 192.6, "pos_y": -128.6, "rotation": 0.0, "side": "top", "designator": "TP203", "mpn": null, "pack": "TestPoint_Pad_D2.0mm", "value": "RXsm", "mount_type": "tht", "place": true}, {"pos_x": 196.11, "pos_y": -92.09, "rotation": 90.0, "side": "top", "designator": "J301", "mpn": null, "pack": "RJ12_Amphenol_54601", "value": "RJ12", "mount_type": "tht", "place": true}, {"pos_x": 151.6, "pos_y": -151.0, "rotation": 0.0, "side": "top", "designator": "H204", "mpn": null, "pack": "MountingHole_2.7mm_M2.5", "value": "MountingHole", "mount_type": "tht", "place": true}, {"pos_x": 178.9, "pos_y": -113.9, "rotation": 0.0, "side": "top", "designator": "C203", "mpn": null, "pack": "C_1206_3216Metric_Pad1.33x1.80mm_HandSolder", "value": "100nF (14)", "mount_type": "smt", "place": true}, {"pos_x": 188.5, "pos_y": -95.45, "rotation": -90.0, "side": "top", "designator": "R302", "mpn": null, "pack": "R_1206_3216Metric_Pad1.30x1.75mm_HandSolder", "value": "330R", "mount_type": "smt", "place": true}, {"pos_x": 207.5, "pos_y": -101.0, "rotation": 0.0, "side": "top", "designator": "H3", "mpn": null, "pack": "MountingHole_2.7mm_M2.5", "value": "MountingHole", "mount_type": "tht", "place": true}, {"pos_x": 160.6375, "pos_y": -117.2, "rotation": 180.0, "side": "top", "designator": "C202", "mpn": null, "pack": "C_1206_3216Metric_Pad1.33x1.80mm_HandSolder", "value": "100nF (20)", "mount_type": "smt", "place": true}, {"pos_x": 152.5, "pos_y": -83.42, "rotation": 0.0, "side": "top", "designator": "J302", "mpn": null, "pack": "PinHeader_1x03_P2.54mm_Vertical", "value": "UPDI", "mount_type": "tht", "place": true}]